{
  "settings": {
    "number_of_shards": 5,
    "index.refresh_interval": -1,
    "index.mapper.dynamic": false,
    "index.requests.cache.enable": true,
    "index.codec": "best_compression",
    "index.number_of_replicas": 0,
    "analysis": {
      "analyzer": {
        "sortable_analyzer": {
          "tokenizer": "keyword",
          "filter": [ "lowercase" ]
        },
        "index_edge_ngram_analyzer": {
          "type": "custom",
          "tokenizer": "e_ngram",
          "filter": [ "lowercase" ]
        },
        "index_ngram_analyzer": {
          "type": "custom",
          "tokenizer": "ngram",
          "filter": [ "lowercase" ]
        }
      },
      "tokenizer": {
        "e_ngram": {
          "type": "edgeNGram",
          "min_gram": "1",
          "max_gram": "10",
          "token_chars": [ "letter", "digit" ]
        },
        "ngram": {
          "type": "nGram",
          "min_gram": "1",
          "max_gram": "10",
          "token_chars": [ "letter", "digit" ]
        }
      }
    }
  }
}
